{
	"format_version": "1.21.6",
	"credit": "Made by SHO310",
	"texture_size": [64, 32],
	"textures": {
		"1": "custom:item/sho/costume_wither_skeleton/costume_wither_skeleton_2",
		"2": "custom:item/sho/costume_wither_skeleton/trident",
		"particle": "custom:item/sho/costume_wither_skeleton/trident"
	},
	"elements": [
		{
			"name": "head",
			"from": [4, 24, 4],
			"to": [12, 32, 12],
			"rotation": {"angle": 0, "axis": "y", "origin": [8, 0, 8]},
			"faces": {
				"north": {"uv": [2, 4, 4, 8], "texture": "#1"},
				"east": {"uv": [0, 4, 2, 8], "texture": "#1"},
				"south": {"uv": [6, 4, 8, 8], "texture": "#1"},
				"west": {"uv": [4, 4, 6, 8], "texture": "#1"},
				"up": {"uv": [4, 4, 2, 0], "texture": "#1"},
				"down": {"uv": [6, 0, 4, 4], "texture": "#1"}
			}
		},
		{
			"name": "headwear",
			"from": [3.5, 23, 3.5],
			"to": [12.5, 32, 12.5],
			"rotation": {"angle": 0, "axis": "y", "origin": [8, 0, 8]},
			"faces": {
				"north": {"uv": [10, 4, 12, 8], "texture": "#1"},
				"east": {"uv": [8, 4, 10, 8], "texture": "#1"},
				"south": {"uv": [14, 4, 16, 8], "texture": "#1"},
				"west": {"uv": [12, 4, 14, 8], "texture": "#1"},
				"up": {"uv": [12, 4, 10, 0], "texture": "#1"},
				"down": {"uv": [14, 0, 12, 4], "texture": "#1"}
			}
		},
		{
			"name": "body",
			"from": [4, 12, 6],
			"to": [12, 24, 10],
			"rotation": {"angle": 0, "axis": "y", "origin": [8, 0, 8]},
			"faces": {
				"north": {"uv": [5, 10, 7, 16], "texture": "#1"},
				"east": {"uv": [4, 10, 5, 16], "texture": "#1"},
				"south": {"uv": [8, 10, 10, 16], "texture": "#1"},
				"west": {"uv": [7, 10, 8, 16], "texture": "#1"},
				"up": {"uv": [7, 10, 5, 8], "texture": "#1"},
				"down": {"uv": [9, 8, 7, 10], "texture": "#1"}
			}
		},
		{
			"name": "left_arm",
			"from": [2, 18, 7],
			"to": [4, 24, 9],
			"rotation": {"angle": 0, "axis": "y", "origin": [8, 0, 8]},
			"faces": {
				"north": {"uv": [10.5, 9, 11, 12], "texture": "#1"},
				"east": {"uv": [10, 9, 10.5, 12], "texture": "#1"},
				"south": {"uv": [11.5, 9, 12, 12], "texture": "#1"},
				"west": {"uv": [11, 9, 11.5, 12], "texture": "#1"},
				"up": {"uv": [11, 9, 10.5, 8], "texture": "#1"},
				"down": {"uv": [11.5, 8, 11, 9], "texture": "#1"}
			}
		},
		{
			"name": "left_arm",
			"from": [2, 16, 3],
			"to": [4, 18, 9],
			"rotation": {"angle": 0, "axis": "x", "origin": [8, 17, -9]},
			"faces": {
				"north": {"uv": [10.5, 11, 11, 12], "texture": "#1"},
				"east": {"uv": [11, 12, 11.5, 15], "rotation": 270, "texture": "#1"},
				"south": {"uv": [11, 11, 11.5, 12], "texture": "#1"},
				"west": {"uv": [10.5, 12, 11, 15], "rotation": 270, "texture": "#1"},
				"up": {"uv": [11, 11, 10.5, 8], "texture": "#1"},
				"down": {"uv": [11.5, 8, 11, 11], "texture": "#1"}
			}
		},
		{
			"name": "right_arm",
			"from": [12, 12, 7],
			"to": [14, 24, 9],
			"rotation": {"angle": 0, "axis": "y", "origin": [8, 0, 8]},
			"faces": {
				"north": {"uv": [10.5, 9, 11, 15], "texture": "#1"},
				"east": {"uv": [10, 9, 10.5, 15], "texture": "#1"},
				"south": {"uv": [11.5, 9, 12, 15], "texture": "#1"},
				"west": {"uv": [11, 9, 11.5, 15], "texture": "#1"},
				"up": {"uv": [11, 9, 10.5, 8], "texture": "#1"},
				"down": {"uv": [11.5, 8, 11, 9], "texture": "#1"}
			}
		},
		{
			"name": "left_leg",
			"from": [5, 0, 7],
			"to": [7, 12, 9],
			"rotation": {"angle": 0, "axis": "y", "origin": [8, 0, 8]},
			"faces": {
				"north": {"uv": [1, 9, 0.5, 15], "texture": "#1"},
				"east": {"uv": [1.5, 9, 1, 15], "texture": "#1"},
				"south": {"uv": [2, 9, 1.5, 15], "texture": "#1"},
				"west": {"uv": [0.5, 9, 0, 15], "texture": "#1"},
				"up": {"uv": [0.5, 9, 1, 8], "texture": "#1"},
				"down": {"uv": [1, 8, 1.5, 9], "texture": "#1"}
			}
		},
		{
			"name": "right_leg",
			"from": [9, 0, 7],
			"to": [11, 12, 9],
			"rotation": {"angle": 0, "axis": "y", "origin": [8, 0, 8]},
			"faces": {
				"north": {"uv": [0.5, 9, 1, 15], "texture": "#1"},
				"east": {"uv": [0, 9, 0.5, 15], "texture": "#1"},
				"south": {"uv": [1.5, 9, 2, 15], "texture": "#1"},
				"west": {"uv": [1, 9, 1.5, 15], "texture": "#1"},
				"up": {"uv": [1, 9, 0.5, 8], "texture": "#1"},
				"down": {"uv": [1.5, 8, 1, 9], "texture": "#1"}
			}
		},
		{
			"name": "body",
			"from": [2.5, 0, 2.5],
			"to": [3.5, 25, 3.5],
			"rotation": {"angle": 0, "axis": "y", "origin": [3, 0, 3]},
			"faces": {
				"north": {"uv": [0.25, 3.5, 0.5, 16], "texture": "#2"},
				"east": {"uv": [0, 3.5, 0.25, 16], "texture": "#2"},
				"south": {"uv": [0.75, 3.5, 1, 16], "texture": "#2"},
				"west": {"uv": [0.5, 3.5, 0.75, 16], "texture": "#2"},
				"up": {"uv": [0.5, 3.5, 0.25, 3], "texture": "#2"},
				"down": {"uv": [0.75, 3, 0.5, 3.5], "texture": "#2"}
			}
		},
		{
			"name": "base",
			"from": [1.5, 25, 2.5],
			"to": [4.5, 27, 3.5],
			"rotation": {"angle": 0, "axis": "y", "origin": [3, 0, 3]},
			"faces": {
				"north": {"uv": [1.25, 0.5, 2, 1.5], "texture": "#2"},
				"east": {"uv": [1, 0.5, 1.25, 1.5], "texture": "#2"},
				"south": {"uv": [2.25, 0.5, 3, 1.5], "texture": "#2"},
				"west": {"uv": [2, 0.5, 2.25, 1.5], "texture": "#2"},
				"up": {"uv": [2, 0.5, 1.25, 0], "texture": "#2"},
				"down": {"uv": [2.75, 0, 2, 0.5], "texture": "#2"}
			}
		},
		{
			"name": "left_spike",
			"from": [4.5, 26, 2.5],
			"to": [5.5, 30, 3.5],
			"rotation": {"angle": 0, "axis": "y", "origin": [3, 0, 3]},
			"faces": {
				"north": {"uv": [1.25, 2, 1.5, 4], "texture": "#2"},
				"east": {"uv": [1, 2, 1.25, 4], "texture": "#2"},
				"south": {"uv": [1.75, 2, 2, 4], "texture": "#2"},
				"west": {"uv": [1.5, 2, 1.75, 4], "texture": "#2"},
				"up": {"uv": [1.5, 2, 1.25, 1.5], "texture": "#2"},
				"down": {"uv": [1.75, 1.5, 1.5, 2], "texture": "#2"}
			}
		},
		{
			"name": "middle_spike",
			"from": [2.5, 27, 2.5],
			"to": [3.5, 31, 3.5],
			"rotation": {"angle": 0, "axis": "y", "origin": [3, 0, 3]},
			"faces": {
				"north": {"uv": [0.25, 0.5, 0.5, 2.5], "texture": "#2"},
				"east": {"uv": [0, 0.5, 0.25, 2.5], "texture": "#2"},
				"south": {"uv": [0.75, 0.5, 1, 2.5], "texture": "#2"},
				"west": {"uv": [0.5, 0.5, 0.75, 2.5], "texture": "#2"},
				"up": {"uv": [0.5, 0.5, 0.25, 0], "texture": "#2"},
				"down": {"uv": [0.75, 0, 0.5, 0.5], "texture": "#2"}
			}
		},
		{
			"name": "right_spike",
			"from": [0.5, 26, 2.5],
			"to": [1.5, 30, 3.5],
			"rotation": {"angle": 0, "axis": "y", "origin": [3, 0, 3]},
			"faces": {
				"north": {"uv": [1.5, 2, 1.25, 4], "texture": "#2"},
				"east": {"uv": [1.75, 2, 1.5, 4], "texture": "#2"},
				"south": {"uv": [2, 2, 1.75, 4], "texture": "#2"},
				"west": {"uv": [1.25, 2, 1, 4], "texture": "#2"},
				"up": {"uv": [1.25, 2, 1.5, 1.5], "texture": "#2"},
				"down": {"uv": [1.5, 1.5, 1.75, 2], "texture": "#2"}
			}
		}
	],
	"display": {
		"thirdperson_righthand": {
			"scale": [0.35, 0.35, 0.35]
		},
		"thirdperson_lefthand": {
			"scale": [0.3, 0.3, 0.3]
		},
		"firstperson_righthand": {
			"scale": [0.4, 0.4, 0.4]
		},
		"firstperson_lefthand": {
			"scale": [0.4, 0.4, 0.4]
		},
		"ground": {
			"translation": [0, 2.25, 0],
			"scale": [0.49, 0.49, 0.49]
		},
		"gui": {
			"rotation": [25, 145, 0],
			"translation": [0, -3.75, 0],
			"scale": [0.46, 0.46, 0.46]
		},
		"head": {
			"translation": [-0.5, -31.5, 0],
			"scale": [1.7, 1.7, 1.7]
		},
		"fixed": {
			"translation": [0, -4.25, 0],
			"scale": [0.5, 0.5, 0.5]
		}
	},
	"groups": [
		{
			"name": "head",
			"origin": [0, 24, 0],
			"color": 0,
			"children": [0]
		},
		{
			"name": "headwear",
			"origin": [0, 24, 0],
			"color": 0,
			"children": [1]
		},
		{
			"name": "body",
			"origin": [0, 24, 0],
			"color": 0,
			"children": [2]
		},
		{
			"name": "left_arm",
			"origin": [-5, 22, 0],
			"color": 0,
			"children": [3, 4]
		},
		{
			"name": "right_arm",
			"origin": [5, 22, 0],
			"color": 0,
			"children": [5]
		},
		{
			"name": "left_leg",
			"origin": [-2, 12, 0.1],
			"color": 0,
			"children": [6]
		},
		{
			"name": "right_leg",
			"origin": [2, 12, 0.1],
			"color": 0,
			"children": [7]
		},
		{
			"name": "trident",
			"origin": [8, 8, 8],
			"color": 0,
			"children": [
				{
					"name": "body",
					"origin": [0, 27, 0],
					"color": 0,
					"children": [8]
				},
				{
					"name": "base",
					"origin": [0, 27, 0],
					"color": 0,
					"children": [9]
				},
				{
					"name": "left_spike",
					"origin": [0, 27, 0],
					"color": 0,
					"children": [10]
				},
				{
					"name": "middle_spike",
					"origin": [0, 27, 0],
					"color": 0,
					"children": [11]
				},
				{
					"name": "right_spike",
					"origin": [0, 27, 0],
					"color": 0,
					"children": [12]
				}
			]
		}
	]
}