{
  "format_version": "1.21.6",
  "credit": "Made with Blockbench",
  "texture_size": [64, 64],
  "textures": {
    "0": "custom:item/athi/nessie_fedora"
  },
  "elements": [
    {
      "from": [-0.5, 0, -0.5],
      "to": [16.5, 1, 16.5],
      "faces": {
        "north": { "uv": [11.25, 6.25, 15.5, 6.5], "texture": "#0" },
        "east": { "uv": [11.25, 6.5, 15.5, 6.75], "texture": "#0" },
        "south": { "uv": [11.25, 6.75, 15.5, 7], "texture": "#0" },
        "west": { "uv": [11.25, 7, 15.5, 7.25], "texture": "#0" },
        "up": { "uv": [4.25, 4.25, 0, 0], "texture": "#0" },
        "down": { "uv": [4.25, 4.25, 0, 8.5], "texture": "#0" }
      }
    },
    {
      "from": [0.65, 0.9, 0.65],
      "to": [15.35, 3.1, 15.35],
      "rotation": { "angle": 0, "axis": "y", "origin": [1, 1, 1] },
      "faces": {
        "north": { "uv": [0, 9.5, 3.75, 10], "texture": "#0" },
        "east": { "uv": [0, 10, 3.75, 10.5], "texture": "#0" },
        "south": { "uv": [8, 10.25, 11.75, 10.75], "texture": "#0" },
        "west": { "uv": [0, 10.5, 3.75, 11], "texture": "#0" },
        "up": { "uv": [8, 3.75, 4.25, 0], "texture": "#0" },
        "down": { "uv": [8, 3.75, 4.25, 7.5], "texture": "#0" }
      }
    },
    {
      "from": [0.75, 3, 0.75],
      "to": [15.25, 5, 15.25],
      "rotation": { "angle": 0, "axis": "y", "origin": [1, 3, 1] },
      "faces": {
        "north": { "uv": [8, 10.75, 11.75, 11.25], "texture": "#0" },
        "east": { "uv": [0, 11, 3.75, 11.5], "texture": "#0" },
        "south": { "uv": [3.75, 11.25, 7.5, 11.75], "texture": "#0" },
        "west": { "uv": [11.25, 3.75, 15, 4.25], "texture": "#0" },
        "up": { "uv": [8, 11.25, 4.25, 7.5], "texture": "#0" },
        "down": { "uv": [11.75, 0, 8, 3.75], "texture": "#0" }
      }
    },
    {
      "from": [1.75, 5, 1.75],
      "to": [14.25, 7, 14.25],
      "rotation": { "angle": 0, "axis": "y", "origin": [1, 5, 1] },
      "faces": {
        "north": { "uv": [11.25, 4.25, 14.5, 4.75], "texture": "#0" },
        "east": { "uv": [11.25, 4.75, 14.5, 5.25], "texture": "#0" },
        "south": { "uv": [11.25, 5.25, 14.5, 5.75], "texture": "#0" },
        "west": { "uv": [11.25, 5.75, 14.5, 6.25], "texture": "#0" },
        "up": { "uv": [11.25, 7, 8, 3.75], "texture": "#0" },
        "down": { "uv": [11.25, 7, 8, 10.25], "texture": "#0" }
      }
    },
    {
      "from": [2.75, 5, 1.25],
      "to": [13.25, 6, 1.75],
      "rotation": { "angle": 0, "axis": "y", "origin": [1, 5, 0.5] },
      "faces": {
        "north": { "uv": [11.25, 7.5, 14, 7.75], "texture": "#0" },
        "east": { "uv": [3.75, 11, 4, 11.25], "texture": "#0" },
        "south": { "uv": [11.25, 7.75, 14, 8], "texture": "#0" },
        "west": { "uv": [4.25, 11.75, 4.5, 12], "texture": "#0" },
        "up": { "uv": [14, 8.25, 11.25, 8], "texture": "#0" },
        "down": { "uv": [14, 8.25, 11.25, 8.5], "texture": "#0" }
      }
    },
    {
      "from": [2.75, 5, 14.25],
      "to": [13.25, 6, 14.75],
      "rotation": { "angle": 0, "axis": "y", "origin": [1, 5, 13.5] },
      "faces": {
        "north": { "uv": [11.25, 8.5, 14, 8.75], "texture": "#0" },
        "east": { "uv": [4.5, 11.75, 4.75, 12], "texture": "#0" },
        "south": { "uv": [11.25, 8.75, 14, 9], "texture": "#0" },
        "west": { "uv": [4.75, 11.75, 5, 12], "texture": "#0" },
        "up": { "uv": [14, 9.25, 11.25, 9], "texture": "#0" },
        "down": { "uv": [14, 9.25, 11.25, 9.5], "texture": "#0" }
      }
    },
    {
      "from": [-0.05, 1, 16],
      "to": [16.05, 3, 16.5],
      "rotation": { "angle": 0, "axis": "y", "origin": [1, 1, 15.25] },
      "faces": {
        "north": { "uv": [0, 8.5, 4, 9], "texture": "#0" },
        "east": { "uv": [11.75, 3.25, 12, 3.75], "texture": "#0" },
        "south": { "uv": [0, 9, 4, 9.5], "texture": "#0" },
        "west": { "uv": [4, 11.75, 4.25, 12.25], "texture": "#0" },
        "up": { "uv": [15.25, 7.5, 11.25, 7.25], "texture": "#0" },
        "down": { "uv": [11.5, 11.25, 7.5, 11.5], "texture": "#0" }
      }
    },
    {
      "from": [14.25, 5, 3],
      "to": [14.75, 6, 13.5],
      "rotation": { "angle": 0, "axis": "y", "origin": [13.5, 5, 15.25] },
      "faces": {
        "north": { "uv": [5, 11.75, 5.25, 12], "texture": "#0" },
        "east": { "uv": [11.25, 9.5, 14, 9.75], "texture": "#0" },
        "south": { "uv": [5.25, 11.75, 5.5, 12], "texture": "#0" },
        "west": { "uv": [11.25, 9.75, 14, 10], "texture": "#0" },
        "up": { "uv": [4.25, 11.25, 4, 8.5], "texture": "#0" },
        "down": { "uv": [0.25, 11.5, 0, 14.25], "texture": "#0" }
      }
    },
    {
      "from": [1.25, 5, 3],
      "to": [1.75, 6, 13.5],
      "rotation": { "angle": 0, "axis": "y", "origin": [0.5, 5, 15.25] },
      "faces": {
        "north": { "uv": [5.5, 11.75, 5.75, 12], "texture": "#0" },
        "east": { "uv": [11.25, 10, 14, 10.25], "texture": "#0" },
        "south": { "uv": [5.75, 11.75, 6, 12], "texture": "#0" },
        "west": { "uv": [0.25, 11.5, 3, 11.75], "texture": "#0" },
        "up": { "uv": [3.25, 14.25, 3, 11.5], "texture": "#0" },
        "down": { "uv": [3.5, 11.5, 3.25, 14.25], "texture": "#0" }
      }
    },
    {
      "from": [-0.5, 1, 9],
      "to": [0, 2, 16.5],
      "rotation": { "angle": 0, "axis": "y", "origin": [-1.25, 1, 18.25] },
      "faces": {
        "north": { "uv": [6, 11.75, 6.25, 12], "texture": "#0" },
        "east": { "uv": [7.5, 11.5, 9.5, 11.75], "texture": "#0" },
        "south": { "uv": [6.25, 11.75, 6.5, 12], "texture": "#0" },
        "west": { "uv": [9.5, 11.5, 11.5, 11.75], "texture": "#0" },
        "up": { "uv": [3.75, 13.5, 3.5, 11.5], "texture": "#0" },
        "down": { "uv": [11.75, 11.25, 11.5, 13.25], "texture": "#0" }
      }
    },
    {
      "from": [-0.5, 2, 11],
      "to": [0, 3, 16.5],
      "rotation": { "angle": 0, "axis": "y", "origin": [-1.25, 2, 18.25] },
      "faces": {
        "north": { "uv": [6.5, 11.75, 6.75, 12], "texture": "#0" },
        "east": { "uv": [11.75, 2.25, 13.25, 2.5], "texture": "#0" },
        "south": { "uv": [6.75, 11.75, 7, 12], "texture": "#0" },
        "west": { "uv": [11.75, 2.5, 13.25, 2.75], "texture": "#0" },
        "up": { "uv": [4, 11, 3.75, 9.5], "texture": "#0" },
        "down": { "uv": [2.75, 11.75, 2.5, 13.25], "texture": "#0" }
      }
    },
    {
      "from": [16, 2, 11],
      "to": [16.5, 3, 16.5],
      "rotation": { "angle": 0, "axis": "y", "origin": [15.25, 2, 18.25] },
      "faces": {
        "north": { "uv": [7, 11.75, 7.25, 12], "texture": "#0" },
        "east": { "uv": [11.75, 2.75, 13.25, 3], "texture": "#0" },
        "south": { "uv": [7.25, 11.75, 7.5, 12], "texture": "#0" },
        "west": { "uv": [11.75, 3, 13.25, 3.25], "texture": "#0" },
        "up": { "uv": [3, 13.25, 2.75, 11.75], "texture": "#0" },
        "down": { "uv": [4, 11.75, 3.75, 13.25], "texture": "#0" }
      }
    },
    {
      "from": [16, 1, 9],
      "to": [16.5, 2, 16.5],
      "rotation": { "angle": 0, "axis": "y", "origin": [15.25, 1, 18.25] },
      "faces": {
        "north": { "uv": [7.5, 11.75, 7.75, 12], "texture": "#0" },
        "east": { "uv": [11.75, 0, 13.75, 0.25], "texture": "#0" },
        "south": { "uv": [7.75, 11.75, 8, 12], "texture": "#0" },
        "west": { "uv": [0.25, 11.75, 2.25, 12], "texture": "#0" },
        "up": { "uv": [12, 2.25, 11.75, 0.25], "texture": "#0" },
        "down": { "uv": [2.5, 11.75, 2.25, 13.75], "texture": "#0" }
      }
    }
  ],
  "display": {
    "thirdperson_righthand": {
      "rotation": [24, 180, 0],
      "translation": [0, 4.5, -1.75],
      "scale": [0.55, 0.55, 0.55]
    },
    "thirdperson_lefthand": {
      "rotation": [24, -180, 0],
      "translation": [0, 4.5, -1.75],
      "scale": [0.55, 0.55, 0.55]
    },
    "firstperson_righthand": {
      "rotation": [24, -180, 0],
      "translation": [0, 4.5, -1.75],
      "scale": [0.55, 0.55, 0.55]
    },
    "firstperson_lefthand": {
      "rotation": [24, -180, 0],
      "translation": [0, 4.5, -1.75],
      "scale": [0.55, 0.55, 0.55]
    },
    "ground": {
      "translation": [0, 2.5, 0],
      "scale": [0.7, 0.7, 0.7]
    },
    "gui": {
      "rotation": [40, 136, 0],
      "translation": [0, 3.5, 0],
      "scale": [0.9, 0.9, 0.9]
    },
    "head": {
      "rotation": [9, 0, 0],
      "translation": [0, 10, 0.5],
      "scale": [1.1, 1.1, 1.15]
    },
    "fixed": {
      "rotation": [-90, 0, 0],
      "translation": [0, 0, -8]
    }
  },
  "groups": [
    {
      "name": "fedora",
      "origin": [0, 0, 0],
      "color": 0,
      "children": [0, 1, 2, 3, 4, 5, 6, 7, 8, 9, 10, 11, 12]
    }
  ]
}
