{
	"credit": "Made with Blockbench",
	"textures": {
		"0": "custom:item/athi/pirate_spyglass"
	},
	"elements": [
		{
			"from": [6.875, 0, 7],
			"to": [7, 1, 9],
			"rotation": {"angle": 0, "axis": "y", "origin": [8, 8, 8]},
			"faces": {
				"north": {"uv": [0, 14, 0.25, 15], "texture": "#0"},
				"east": {"uv": [2, 12, 4, 13], "texture": "#0"},
				"south": {"uv": [14, 0, 14.25, 1], "texture": "#0"},
				"west": {"uv": [12, 2, 14, 3], "texture": "#0"},
				"up": {"uv": [2.25, 15, 2, 13], "texture": "#0"},
				"down": {"uv": [3.25, 13, 3, 15], "texture": "#0"}
			}
		},
		{
			"from": [9, 0, 7],
			"to": [9.125, 1, 9],
			"rotation": {"angle": 0, "axis": "y", "origin": [8, 8, 8]},
			"faces": {
				"north": {"uv": [1, 14, 1.25, 15], "texture": "#0"},
				"east": {"uv": [12, 3, 14, 4], "texture": "#0"},
				"south": {"uv": [14, 1, 14.25, 2], "texture": "#0"},
				"west": {"uv": [4, 12, 6, 13], "texture": "#0"},
				"up": {"uv": [4.25, 15, 4, 13], "texture": "#0"},
				"down": {"uv": [5.25, 13, 5, 15], "texture": "#0"}
			}
		},
		{
			"from": [7, 0, 9],
			"to": [9, 1, 9.125],
			"rotation": {"angle": 0, "axis": "y", "origin": [8, 8, 8]},
			"faces": {
				"north": {"uv": [6, 12, 8, 13], "texture": "#0"},
				"east": {"uv": [14, 4, 14.25, 5], "texture": "#0"},
				"south": {"uv": [12, 6, 14, 7], "texture": "#0"},
				"west": {"uv": [14, 5, 14.25, 6], "texture": "#0"},
				"up": {"uv": [12, 13.25, 10, 13], "texture": "#0"},
				"down": {"uv": [14, 13, 12, 13.25], "texture": "#0"}
			}
		},
		{
			"from": [7, 0, 6.875],
			"to": [9, 1, 7],
			"rotation": {"angle": 0, "axis": "y", "origin": [8, 8, 8]},
			"faces": {
				"north": {"uv": [12, 4, 14, 5], "texture": "#0"},
				"east": {"uv": [14, 2, 14.25, 3], "texture": "#0"},
				"south": {"uv": [12, 5, 14, 6], "texture": "#0"},
				"west": {"uv": [14, 3, 14.25, 4], "texture": "#0"},
				"up": {"uv": [8, 13.25, 6, 13], "texture": "#0"},
				"down": {"uv": [10, 13, 8, 13.25], "texture": "#0"}
			}
		},
		{
			"from": [7, 0.25, 7],
			"to": [9, 6, 9],
			"rotation": {"angle": 0, "axis": "y", "origin": [8, 8, 8]},
			"faces": {
				"north": {"uv": [0, 0, 2, 5.75], "texture": "#0"},
				"east": {"uv": [2, 0, 4, 5.75], "texture": "#0"},
				"south": {"uv": [4, 0, 6, 5.75], "texture": "#0"},
				"west": {"uv": [0, 6, 2, 11.75], "texture": "#0"},
				"up": {"uv": [12, 6, 10, 4], "texture": "#0"},
				"down": {"uv": [12, 6, 10, 8], "texture": "#0"}
			}
		},
		{
			"from": [6.9, 5.9, 6.9],
			"to": [9.1, 10.1, 9.1],
			"rotation": {"angle": 0, "axis": "y", "origin": [8, 8, 8]},
			"faces": {
				"north": {"uv": [8, 0, 10, 4], "texture": "#0"},
				"east": {"uv": [8, 4, 10, 8], "texture": "#0"},
				"south": {"uv": [8, 8, 10, 12], "texture": "#0"},
				"west": {"uv": [10, 0, 12, 4], "texture": "#0"},
				"up": {"uv": [12, 10, 10, 8], "texture": "#0"},
				"down": {"uv": [12, 10, 10, 12], "texture": "#0"}
			}
		},
		{
			"from": [6.8, 9.8, 6.8],
			"to": [9.2, 15.95, 9.2],
			"rotation": {"angle": 0, "axis": "y", "origin": [8, 8, 8]},
			"faces": {
				"north": {"uv": [6, 0, 8, 5.75], "texture": "#0"},
				"east": {"uv": [2, 6, 4, 11.75], "texture": "#0"},
				"south": {"uv": [4, 6, 6, 11.75], "texture": "#0"},
				"west": {"uv": [6, 6, 8, 11.75], "texture": "#0"},
				"up": {"uv": [2, 14, 0, 12], "texture": "#0"},
				"down": {"uv": [14, 0, 12, 2], "texture": "#0"}
			}
		},
		{
			"from": [6.8, 14.8, 6.425],
			"to": [9.2, 16.2, 6.825],
			"rotation": {"angle": 0, "axis": "y", "origin": [8, 8, 8]},
			"faces": {
				"north": {"uv": [12, 7, 14, 8], "texture": "#0"},
				"east": {"uv": [0, 0, 0, 1], "texture": "#0"},
				"south": {"uv": [8, 12, 10, 13], "texture": "#0"},
				"west": {"uv": [0, 0, 0, 1], "texture": "#0"},
				"up": {"uv": [2, 0, 0, 0], "texture": "#0"},
				"down": {"uv": [2, 0, 0, 0], "texture": "#0"}
			}
		},
		{
			"from": [6.8, 14.8, 9.175],
			"to": [9.2, 16.2, 9.575],
			"rotation": {"angle": 0, "axis": "y", "origin": [8, 8, 8]},
			"faces": {
				"north": {"uv": [12, 8, 14, 9], "texture": "#0"},
				"east": {"uv": [0, 0, 0, 1], "texture": "#0"},
				"south": {"uv": [12, 9, 14, 10], "texture": "#0"},
				"west": {"uv": [0, 0, 0, 1], "texture": "#0"},
				"up": {"uv": [2, 0, 0, 0], "texture": "#0"},
				"down": {"uv": [2, 0, 0, 0], "texture": "#0"}
			}
		},
		{
			"from": [6.425, 14.8, 6.8],
			"to": [6.825, 16.2, 9.2],
			"rotation": {"angle": 0, "axis": "y", "origin": [8, 8, 8]},
			"faces": {
				"north": {"uv": [0, 0, 0, 1], "texture": "#0"},
				"east": {"uv": [12, 11, 14, 12], "texture": "#0"},
				"south": {"uv": [0, 0, 0, 1], "texture": "#0"},
				"west": {"uv": [12, 12, 14, 13], "texture": "#0"},
				"up": {"uv": [0, 2, 0, 0], "texture": "#0"},
				"down": {"uv": [0, 0, 0, 2], "texture": "#0"}
			}
		},
		{
			"from": [9.175, 14.8, 6.8],
			"to": [9.575, 16.2, 9.2],
			"rotation": {"angle": 0, "axis": "y", "origin": [8, 8, 8]},
			"faces": {
				"north": {"uv": [0, 0, 0, 1], "texture": "#0"},
				"east": {"uv": [10, 12, 12, 13], "texture": "#0"},
				"south": {"uv": [0, 0, 0, 1], "texture": "#0"},
				"west": {"uv": [12, 10, 14, 11], "texture": "#0"},
				"up": {"uv": [0, 2, 0, 0], "texture": "#0"},
				"down": {"uv": [0, 0, 0, 2], "texture": "#0"}
			}
		}
	],
	"display": {
		"thirdperson_righthand": {
			"rotation": [-21, 0, 0],
			"translation": [-3.5, 12, 10]
		},
		"thirdperson_lefthand": {
			"rotation": [-21, 0, 0],
			"translation": [-3.5, 11.5, 10.25]
		},
		"firstperson_righthand": {
			"rotation": [180, 0, 0],
			"translation": [0, -2.75, 0]
		},
		"firstperson_lefthand": {
			"rotation": [180, 0, 0],
			"translation": [0, -2.75, 0]
		},
		"ground": {
			"rotation": [0, 0, 93]
		},
		"gui": {
			"rotation": [0, 0, 42],
			"scale": [1.3, 1.3, 1.3]
		},
		"fixed": {
			"rotation": [0, 0, 42],
			"scale": [1.3, 1.3, 1.3]
		}
	}
}
